Bonfire_Shelter_Eagle_Cave,Coontail_Spin,Halls_Cave,Hinds_Cave,Kincaid_Shelter,Montell_Shelter,Murrah_Cave,Schulze_Cave,Zesch_Cave
Antilocapra_americana,Antilocapra_americana,Antilocapra_americana,Antilocapra_americana,Antilocapra_americana,Antilocapra_americana,Antilocapra_americana,Antilocapra_americana,Antilocapra_americana
Bassariscus_astutus,Bassariscus_astutus,Baiomys_taylori,Bassariscus_astutus,Bassariscus_astutus,Bison_bison,Bassariscus_astutus,Baiomys_taylori,Baiomys_taylori
Bison_bison,Bison_bison,Bassariscus_astutus,Bison_bison,Bison_bison,Canis_familiaris,Bison_bison,Bison_bison,Blarina_carolinensis
Canis_familiaris,Canis_familiaris,Bison_bison,Canis_familiaris,Canis_familiaris,Canis_latrans,Canis_familiaris,Canis_familiaris,Canis_familiaris
Canis_latrans,Canis_latrans,Blarina_carolinensis,Canis_latrans,Canis_latrans,Canis_lupus,Canis_latrans,Canis_latrans,Canis_latrans
Canis_lupus,Canis_lupus,Canis_familiaris,Canis_lupus,Canis_lupus,Chaetodipus_hispidus,Canis_lupus,Canis_lupus,Canis_lupus
Geomys_sp,Lepus_californicus_holocene,Canis_latrans,Dipodomys_elator,Conepatus_leuconotus,Conepatus_leuconotus,Lepus_californicus_holocene,Chaetodipus_hispidus,Chaetodipus_hispidus
Lepus_californicus_holocene,Lynx_rufus_holocene,Canis_lupus,Geomys_sp,Dasypus_novemcinctus,Cynomys_ludovicianus,Lynx_rufus_holocene,Conepatus_leuconotus,Conepatus_leuconotus
Lynx_rufus_holocene,Mustela_sp,Chaetodipus_hispidus,Lepus_californicus_holocene,Geomys_sp,Dasypus_novemcinctus,Mephitis_mephitis,Cryptotis_parva,Cryptotis_parva
Mephitis_mephitis,Neotoma_sp,Conepatus_leuconotus,Lynx_rufus_holocene,Felis_wiedii,Geomys_sp,Odocoileus_sp,Cynomys_ludovicianus,Cynomys_ludovicianus
Neotoma_sp,Odocoileus_sp,Cratogeomys_castanops,Mephitis_mephitis,Lepus_californicus_holocene,Felis_wiedii,Onychomys_leucogaster,Dasypus_novemcinctus,Dasypus_novemcinctus
Odocoileus_sp,Panthera_onca_holocene,Cryptotis_parva,Neotoma_sp,Lynx_rufus_holocene,Lynx_rufus_holocene,Panthera_onca_holocene,Didelphis_virginiana,Dipodomys_elator
Panthera_onca_holocene,Procyon_lotor,Cynomys_ludovicianus,Odocoileus_sp,Mephitis_mephitis,Microtus_sp,Procyon_lotor,Geomys_sp,Geomys_sp
Perognathus_sp,Puma_concolor,Dasypus_novemcinctus,Onychomys_leucogaster,Neotoma_sp,Neotoma_sp,Puma_concolor,Felis_wiedii,Felis_wiedii
Peromyscus_sp,Puma_yaguarondi,Didelphis_virginiana,Panthera_onca_holocene,Odocoileus_sp,Odocoileus_sp,Puma_yaguarondi,Lepus_californicus_holocene,Lepus_californicus_holocene
Procyon_lotor,Sigmodon_hispidus,Dipodomys_elator,Perognathus_sp,Panthera_onca_holocene,Panthera_onca_holocene,Sciurus_sp,Lynx_rufus_holocene,Lynx_rufus_holocene
Puma_concolor,Spermophilus_sp,Felis_wiedii,Peromyscus_sp,Pecari_tajacu,Pecari_tajacu,Spermophilus_sp,Mephitis_mephitis,Mephitis_mephitis
Puma_yaguarondi,Spilogale_sp,Geomys_sp,Procyon_lotor,Procyon_lotor,Peromyscus_sp,Spilogale_sp,Microtus_sp,Microtus_sp
Sigmodon_hispidus,Sylvilagus_sp_holocene,Lepus_californicus_holocene,Puma_concolor,Puma_concolor,Puma_concolor,Sylvilagus_sp_holocene,Mustela_sp,Mustela_sp
Spermophilus_sp,Taxidea_taxus,Lynx_rufus_holocene,Puma_yaguarondi,Puma_yaguarondi,Puma_yaguarondi,Taxidea_taxus,Neotoma_sp,Neotoma_sp
Sylvilagus_sp_holocene,Urocyon_cinereoargenteus,Mephitis_macroura,Sciurus_sp,Sigmodon_hispidus,Sigmodon_hispidus,Urocyon_cinereoargenteus,Notiosorex_crawfordi,Notiosorex_crawfordi
Taxidea_taxus,Ursus_americanus,Mephitis_mephitis,Sigmodon_hispidus,Sylvilagus_sp_holocene,Sylvilagus_sp_holocene,Ursus_americanus,Odocoileus_sp,Odocoileus_sp
Urocyon_cinereoargenteus,Ursus_arctos,Microtus_sp,Spermophilus_sp,Taxidea_taxus,Urocyon_cinereoargenteus,Ursus_arctos,Onychomys_leucogaster,Onychomys_leucogaster
Ursus_americanus,Vulpes_vulpes,Mustela_sp,Spilogale_sp,Ursus_americanus,Ursus_americanus,Vulpes_vulpes,Panthera_onca_holocene,Panthera_onca_holocene
Ursus_arctos,,Neotoma_sp,Sylvilagus_sp_holocene,Ursus_arctos,Ursus_arctos,,Pecari_tajacu,Pecari_tajacu
,,Notiosorex_crawfordi,Thomomys_sp,Vulpes_vulpes,,,Perognathus_sp,Perognathus_sp
,,Ochrotomys_nuttalli,Urocyon_cinereoargenteus,,,,Peromyscus_sp,Peromyscus_sp
,,Odocoileus_sp,Ursus_americanus,,,,Procyon_lotor,Puma_concolor
,,Panthera_onca_holocene,Ursus_arctos,,,,Puma_concolor,Puma_yaguarondi
,,Pecari_tajacu,Vulpes_vulpes,,,,Puma_yaguarondi,Reithrodontomys_sp
,,Perognathus_sp,,,,,Reithrodontomys_sp,Scalopus_aquaticus
,,Peromyscus_sp,,,,,Scalopus_aquaticus,Spermophilus_sp
,,Procyon_lotor,,,,,Sigmodon_hispidus,Spilogale_sp
,,Puma_concolor,,,,,Sorex_cinereus,Sylvilagus_sp_holocene
,,Reithrodontomys_sp,,,,,Spilogale_sp,Synaptomys_cooperi
,,Scalopus_aquaticus,,,,,Sylvilagus_sp_holocene,Taxidea_taxus
,,Sciurus_sp,,,,,Synaptomys_cooperi,Thomomys_sp
,,Sigmodon_hispidus,,,,,Taxidea_taxus,Urocyon_cinereoargenteus
,,Sorex_cinereus,,,,,Thomomys_sp,Ursus_americanus
,,Sorex_haydeni,,,,,Urocyon_cinereoargenteus,Ursus_arctos
,,Sorex_longirostris,,,,,Ursus_americanus,Vulpes_vulpes
,,Spermophilus_sp,,,,,Ursus_arctos,Zapus_hudsonius
,,Spilogale_sp,,,,,Vulpes_vulpes,
,,Sylvilagus_sp_holocene,,,,,Zapus_hudsonius,
,,Synaptomys_cooperi,,,,,,
,,Taxidea_taxus,,,,,,
,,Thomomys_sp,,,,,,
,,Urocyon_cinereoargenteus,,,,,,
,,Ursus_americanus,,,,,,
,,Ursus_arctos,,,,,,
,,Vulpes_sp,,,,,,
,,Vulpes_vulpes,,,,,,
,,Zapus_hudsonius,,,,,,
